{"total": 2524, "avg_score_rate": 51.943742287196116, "score_hist": [0, 0, 0, 0, 2, 2, 2, 3, 4, 10, 11, 35, 55, 92, 164, 339, 396, 427, 386, 239, 131, 68, 35, 22, 10, 7, 4, 1, 0, 0, 2], "draws_hist": [0, 0, 0, 0, 0, 1, 1, 7, 19, 35, 56, 141, 188, 250, 295, 324, 255, 209, 189, 142, 106, 81, 55, 36, 15, 13, 16, 8, 2, 2, 1], "bullet_sharpness_coef": [0.0038281223268026563, -1.842359405727831], "blitz_sharpness_coef": [0.0037241700305433085, -1.5983598018804699], "rapid_sharpness_coef": [0.0033326554501198528, -0.5950933803599145], "classical_sharpness_coef": [0.003936756884272288, -1.5034663188786634], "sharpness_ss": [1.1029666649870836e-15, 0.9031237007482888], "popularity_ss": [1.6986243644600698, 0.8117841819057043]}