{"total": 2524, "avg_score_rate": 51.93892153001027, "score_hist": [0, 0, 0, 0, 2, 2, 2, 3, 4, 11, 11, 38, 55, 94, 171, 346, 411, 438, 404, 244, 134, 71, 36, 22, 10, 7, 4, 1, 0, 0, 2], "draws_hist": [0, 0, 0, 0, 0, 1, 1, 7, 19, 36, 56, 147, 192, 254, 305, 334, 260, 220, 198, 148, 111, 84, 55, 37, 15, 13, 17, 8, 2, 2, 1], "bullet_sharpness_coef": [0.0038471458544756493, -1.8722697806491624], "blitz_sharpness_coef": [0.003735005253071369, -1.6123429637739912], "rapid_sharpness_coef": [0.0033472553247434057, -0.6146952404654735], "classical_sharpness_coef": [0.003953210456196581, -1.5255027010458084], "sharpness_ss": [7.544590062745913e-16, 0.8961242261061457]}