{"total": 2524, "avg_score_rate": 51.984931183337906, "score_hist": [0, 0, 0, 0, 2, 2, 2, 3, 4, 10, 11, 35, 55, 92, 164, 338, 396, 427, 386, 239, 131, 68, 35, 22, 10, 7, 4, 1, 0, 0, 2], "draws_hist": [0, 0, 0, 0, 0, 1, 1, 7, 19, 35, 56, 141, 188, 250, 294, 324, 255, 209, 189, 142, 106, 81, 55, 36, 15, 13, 16, 8, 2, 2, 1], "bullet_sharpness_coef": [0.0038280371940169304, -1.8421679773582689], "blitz_sharpness_coef": [0.0037240438458284904, -1.5980138849028869], "rapid_sharpness_coef": [0.0033326258886117624, -0.5948699274948996], "classical_sharpness_coef": [0.00393672519609684, -1.503239372751037], "sharpness_ss": [-8.914451159720096e-16, 0.9032885905404859], "popularity_ss": [1.6883057834858062, 0.8153975890065223]}