{"total": 2255, "avg_score_rate": 52.161695221732465, "score_hist": [0, 0, 0, 0, 1, 1, 2, 3, 4, 8, 10, 29, 43, 80, 157, 308, 349, 395, 361, 229, 123, 71, 36, 22, 10, 6, 3, 1, 0, 0, 2], "draws_hist": [0, 0, 0, 0, 0, 1, 1, 7, 19, 35, 50, 121, 152, 207, 254, 288, 238, 205, 188, 147, 107, 84, 55, 37, 15, 13, 17, 8, 2, 2, 1], "bullet_sharpness_coef": [0.0039048072066587476, -1.9630871198423163], "blitz_sharpness_coef": [0.003952583095848908, -2.02440734755453], "rapid_sharpness_coef": [0.00356987827706935, -1.0183621368069495], "classical_sharpness_coef": [0.0043098450004331506, -2.1614022928894263], "sharpness_ss": [-3.8284231660688324e-16, 0.9257722720354765]}