{"total": 2769, "avg_score_rate": 48.142240948278264, "score_hist": [0, 2, 1, 0, 4, 4, 10, 16, 44, 65, 131, 244, 378, 493, 472, 403, 227, 141, 67, 32, 14, 8, 7, 1, 2, 0, 0, 1, 1, 0, 0], "draws_hist": [0, 0, 0, 0, 0, 1, 0, 7, 12, 53, 78, 120, 207, 242, 339, 326, 281, 247, 209, 181, 151, 104, 73, 44, 31, 13, 22, 12, 5, 3, 2], "bullet_sharpness_coef": [0.004246167130032127, -2.5753239829546715], "blitz_sharpness_coef": [0.0040969490036610245, -2.235614922576378], "rapid_sharpness_coef": [0.003673225630430469, -1.1396192347156058], "classical_sharpness_coef": [0.004309109240162882, -2.0855725172328583], "sharpness_ss": [-1.5268072509110135e-16, 0.9181990643053739], "popularity_ss": [1.7349144165516075, 0.8753097480050329]}