{"total": 904, "avg_score_rate": 48.27249178669193, "score_hist": [0, 1, 0, 0, 2, 0, 7, 3, 10, 21, 39, 69, 129, 160, 160, 137, 78, 51, 20, 11, 3, 2, 1, 0, 0, 0, 0, 0, 0, 0, 0], "draws_hist": [0, 0, 0, 0, 0, 0, 0, 2, 4, 22, 24, 34, 63, 95, 116, 116, 113, 80, 73, 57, 44, 23, 16, 13, 2, 1, 6, 0, 0, 0, 0], "bullet_sharpness_coef": [0.003974824731620677, -2.0224470432145996], "blitz_sharpness_coef": [0.0040040177542988355, -2.0754890949756426], "rapid_sharpness_coef": [0.0035467878238903544, -1.0321784107561411], "classical_sharpness_coef": [0.004426867368863595, -2.441721046541983], "sharpness_ss": [-2.5544954548897407e-16, 0.8312817523900122]}