{"total": 2769, "avg_score_rate": 48.17508088153274, "score_hist": [0, 2, 1, 0, 4, 4, 8, 16, 42, 63, 128, 235, 362, 474, 457, 397, 221, 137, 64, 32, 14, 8, 7, 1, 2, 0, 0, 1, 1, 0, 0], "draws_hist": [0, 0, 0, 0, 0, 1, 0, 7, 11, 52, 78, 117, 203, 234, 332, 313, 275, 236, 199, 176, 145, 100, 70, 43, 31, 13, 18, 12, 5, 3, 2], "bullet_sharpness_coef": [0.0042184291393947745, -2.529670272890689], "blitz_sharpness_coef": [0.004072801637709427, -2.1959978621519145], "rapid_sharpness_coef": [0.0036400748600380543, -1.0854375727694174], "classical_sharpness_coef": [0.004273957695517034, -2.028943551995085], "sharpness_ss": [3.814994554416645e-16, 0.9214287211054276], "popularity_ss": [1.7568422317543577, 0.8830481700734398]}